X,Y,Label_Text,Phase,Condition,TIF,Object_Des,Object_Typ,Comments
382360.590485856577288,403798.833041620673612,Heaton Park,1 & 2,functional,,,Station,
383530.342039452923927,403163.7248394524795,Bowker Vale,1 & 2,functional,,,Station,
384114.232531449524686,402316.207438784826081,Crumpsall,1 & 2,functional,,,Station,
380431.881057903985493,410525.927430882293265,Bury,1 & 2,functional,,,Station,
378833.246161011687946,407354.405269657436293,Radcliffe,1 & 2,functional,,,Station,
380522.980738010024652,406114.090306122612674,Whitefield,1 & 2,functional,,,Station,
381136.289608015329577,405083.225388135877438,Besses o' th' Barn,1 & 2,functional,,,Station,
381412.16935245814966,404108.974264619057067,Prestwich,1 & 2,functional,,,Station,
384054.126036022498738,399029.338295290246606,Victoria,1 & 2,functional,,,Station,
384244.042773425229825,398383.793080685718451,Market Street,1 & 2,functional,,,Station,
384369.532603383995593,398196.59666510228999,Piccadilly Gardens,1 & 2,functional,,,Station,
384804.962525194219779,397834.410339859488886,Piccadilly,1 & 2,functional,,,Station,
383456.66417345352238,397584.161972709407564,Deansgate-Castlefield,1 & 2,functional,,,Station,Formerly known as 'G-Mex' until September 2010
381670.93235005508177,396539.4410209711059,Pomona,1 & 2,functional,,,Station,
381689.384796799335163,396146.43351819855161,Trafford Bar,1 & 2,functional,,,Station,
384230.776470113603864,398753.927130915981252,Shudehill,1 & 2,functional,,,Station,
381655.110077802033629,394982.506688787776511,Firswood,3a,functional,,Chorlton,Station,
381921.771843933849595,394050.193560644693207,Chorlton,3a,functional,,Chorlton,Station,
382437.846708373865113,393599.012709819769952,St Werburgh's Road,3a,functional,,Chorlton,Station,
380772.797844312270172,392421.359809455927461,Sale Water Park,3b,functional,,Manchester Airport,Station,
380942.464711650682148,390895.946454486751463,Northern Moor,3b,functional,,Manchester Airport,Station,
380439.829296805430204,390141.212494835432153,Wythenshawe Park,3b,functional,,Manchester Airport,Station,
380473.040402920683846,389653.022237842844333,Moor Road,3b,functional,,Manchester Airport,Station,
380636.004035583871882,388929.239418519777246,Baguley,3b,functional,,Manchester Airport,Station,
380865.084813216875773,388463.832639824366197,Roundthorn,3b,functional,,Manchester Airport,Station,
381491.231243356596678,388371.848969876009505,Martinscroft,3b,functional,,Manchester Airport,Station,
383056.448907606129069,387850.838107683928683,Benchill,3b,functional,,Manchester Airport,Station,
383051.59256661758991,387414.473015892144758,Crossacres,3b,functional,,Manchester Airport,Station,
382890.566523313114885,386643.79362057428807,Robinswood Road,3b,functional,,Manchester Airport,Station,
383438.203481648175512,386344.589266929600853,Peel Hall,3b,functional,,Manchester Airport,Station,
383299.521553927625064,385705.232280963100493,Shadowmoss,3b,functional,,Manchester Airport,Station,
381980.1963468962349,385420.563766477745958,Manchester Airport,3b,functional,,Manchester Airport,Station,
385513.213273778674193,398282.542063487926498,New Islington,3a,functional,,Droylsden,Station,
386016.063060212589335,398519.244308175169863,Holt Town,3a,functional,,Droylsden,Station,
386737.514151619921904,398757.186198017734569,Etihad Campus,3a,functional,,Droylsden,Station,
387288.42439921211917,398412.074985074810684,Velopark,3a,functional,,Droylsden,Station,
388009.529198053234722,398467.759045678307302,Clayton Hall,3a,functional,,Droylsden,Station,
389132.646686061751097,398250.661189293256029,Edge Lane,3a,functional,,Droylsden,Station,
389810.332993144460488,398137.973445824289229,Cemetery Road,3a,functional,,Droylsden,Station,
390496.412772428127937,398090.916915615904145,Droylsden,3a,functional,,Droylsden,Station,
391397.564970533945598,397949.917276342806872,Audenshaw,3b,functional,,Ashton,Station,
392002.645269560336601,398548.805846272909548,Ashton Moss,3b,functional,,Ashton,Station,
392817.422207571042236,399286.034816675295588,Ashton West,3b,functional,,Ashton,Station,
393592.853714007302187,399296.061946439265739,Ashton-under-Lyne,3b,functional,,Ashton,Station,
385063.098898147407454,400579.674516163242515,Queens Road,3a,functional,,,Station,
386122.465573722263798,400508.504888257361017,Monsall,3a,functional,,Oldham and Rochdale,Station,
386887.961781531688757,400560.859901790623553,Central Park,3a,functional,,Oldham and Rochdale,Station,
387884.665992738155182,400845.458436307497323,Newton Heath and Moston,3a,functional,,Oldham and Rochdale,Station,
389295.519623052910902,401562.79310139559675,Failsworth,3a,functional,,Oldham and Rochdale,Station,
390345.124146284011658,402626.868512977380306,Hollinwood,3a,functional,,Oldham and Rochdale,Station,
390475.478562292410061,403361.518221685779281,South Chadderton,3a,functional,,Oldham and Rochdale,Station,
382334.115594660921488,397066.59012610942591,Cornbrook,1 & 2,functional,,,Station,
384487.956415979075246,401557.824523636139929,Abraham Moss,3a,functional,,,Station,
379395.303731212567072,392633.948956445616204,Dane Road,1 & 2,functional,,,Station,
378891.852055318304338,391980.046134181437083,Sale,1 & 2,functional,,,Station,
378427.432498676644173,391193.221360430121422,Brooklands,1 & 2,functional,,,Station,
377601.34333683521254,389770.488613442576025,Timperley,1 & 2,functional,,,Station,
377265.794085203786381,388815.322027033893391,Navigation Road,1 & 2,functional,,,Station,
376982.864813519525342,387871.362232714251149,Altrincham,1 & 2,functional,,,Station,
377855.456119971117005,398524.302860179741401,Eccles,1 & 2,functional,,,Station,
378420.762244245852344,398634.711256105161738,Ladywell,1 & 2,functional,,,Station,
381247.482502024795394,397110.997414655284956,Salford Quays,1 & 2,functional,,,Station,
381354.099387123074848,396808.573982462228741,Exchange Quay,1 & 2,functional,,,Station,
380807.60024722001981,397532.406787477084436,Harbour City,1 & 2,functional,,,Station,
381112.486116616462823,397548.18227179168025,Anchorage,1 & 2,functional,,,Station,
380518.610855626408011,397607.405319370678626,Broadway,1 & 2,functional,,,Station,
380442.673842885298654,398252.49066561111249,Langworthy,1 & 2,functional,,,Station,
379690.155361248995177,398453.463137839338742,Weaste,1 & 2,functional,,,Station,
381189.082734245690517,395539.487254759238567,Old Trafford,1 & 2,functional,,,Station,
379913.077078239468392,394395.984578995266929,Stretford,1 & 2,functional,,,Station,
380375.822887477581389,397310.200393395789433,MediaCityUK,3a,functional,,MediaCity Spur,Station,
390940.747360227513127,404559.225381577503867,Freehold,3a,functional,,Oldham and Rochdale,Station,
392314.770302603603341,404774.073881834046915,Oldham King Street,3b,functional,,Oldham town centre,Station,
392665.993415388278663,404856.15038767864462,Oldham Central,3b,functional,,Oldham town centre,Station,
393241.21010310651036,405087.734097531239968,Oldham Mumps,3b,functional,,Oldham and Rochdale,Station,
393364.399561018042732,405913.087842479348183,Derker,3a,functional,,Oldham and Rochdale,Station,
394167.847785075835418,408842.889195565774571,Shaw and Crompton,3a,functional,,Oldham and Rochdale,Station,
393833.164264859980904,411587.203643726417795,Newhey,3a,functional,,Oldham and Rochdale,Station,
392681.947608618880622,412400.170934260182548,Milnrow,3a,functional,,Oldham and Rochdale,Station,
391903.745761652651709,412735.235023162385914,Kingsway Business Park,3a,functional,,Oldham and Rochdale,Station,
391133.121125838370062,412989.522234205389395,Newbold,3a,functional,,Oldham and Rochdale,Station,
389878.635079305968247,412728.386983393400442,Rochdale Railway Station,3a,functional,,Oldham and Rochdale,Station,
389823.071612545696553,413430.486009637708776,Rochdale Town Centre,3b,functional,,Rochdale town centre,Station,
382206.935527176479809,392928.034775255655404,Barlow Moor Road,3b,functional,,Manchester Airport,Station,
383526.953319340362214,392918.827410836296622,Withington,3b,functional,,East Didsbury,Station,
384105.294885215931572,392515.51285842602374,Burton Road,3b,functional,,East Didsbury,Station,
384411.66486561059719,391988.773635960067622,West Didsbury,3b,functional,,East Didsbury,Station,
384906.376776737743057,391128.000029841787182,Didsbury Village,3b,functional,,East Didsbury,Station,
385654.995344473223668,390604.539868754218332,East Didsbury,3b,functional,,East Didsbury,Station,
382552.222195968322922,387052.356670617766213,Wythenshawe Town Centre,3b,functional,,Manchester Airport,Station,
391756.917713564296719,405084.634984643082134,Westwood,3b,functional,,Oldham town centre,Station,
